Arquivo,Look_Back,Window_Size,CV_Score,RMSE,MAE,NRMSE,NRMSE_median
treated bbr esmond data ap-ba 07-03-2023,20,20,34.41481245389489,26.49798836233739,14.29585852896257,0.028670603891340966,0.13840857916243068
