{
    "test-failure - treated bbr esmond data ap-ba 07-03-2023.csv, LSTM": {
        "RMSE": 37.71058266111685,
        "MAE": 25.82036418674208,
        "NRMSE": 0.17760725439641303
    }
}