{
    "test-failure - treated bbr esmond data ap-ba 07-03-2023.csv, LSTM": {
        "RMSE": 38.08760116532306,
        "MAE": 26.410184251457565,
        "NRMSE": 0.1793829156740563
    }
}