{
    "test - treated bbr esmond data ap-ba 07-03-2023_longest_interval.csv, LSTM": {
        "RMSE": 35.6169503393369,
        "MAE": 24.143202916115687,
        "NRMSE": 0.18604021645557264
    }
}