{
  "test-failure - treated bbr esmond data ap-ba 07-03-2023.csv, LSTM_DECAY": {
    "rmse": 28.837082339734422,
    "mae": 15.401196317240263,
    "nrmse": 0.1358153244459002,
    "mean_confidence": 1.0,
    "min_confidence": 1.0,
    "decay_factor": 0.95,
    "initial_imputed_weight": 0.9
  }
}