{
  "treated bbr esmond data ap-ba 07-03-2023.csv": {
    "RMSE": 38.44564437866211,
    "MAE": 29.25106430053711,
    "NRMSE": 0.18106921017169952
  }
}