Arquivo,RMSE,MAE,NRMSE,NRMSE_median
test-failure - treated bbr esmond data ap-ba 07-03-2023.csv,29.648520480823322,16.537494653634237,0.03137078946487298,0.1396369917387773
